{
  "HKEY_LOCAL_MACHINE": {
    "SOFTWARE": {
      "SecureApp": {
        "Version": "2.1.0",
        "InstallPath": "C:\\Program Files\\SecureApp",
        "EncryptedConfig": "XzIwMjV9",
        "LastUser": "forensics_expert"
      },
      "Microsoft": {
        "Windows": {
          "CurrentVersion": {
            "ProgramFilesDir": "C:\\Program Files"
          }
        }
      }
    }
  },
  "HKEY_CURRENT_USER": {
    "Software": {
      "Passwords": {
        "LastClipboard": "S1lCUw==",
        "AutoSave": true
      }
    }
  }
}